﻿{
   "packages":[
      {
         "Name":"Microsoft Word",
         "Type":"Web",
         "Group":"APP Portal Test Users",
         "Icon":"Word.png",
         "Actions":[
            {
               "type":"processstart",
               "name":"Start Word 2016 ProPlus x86",
               "target":"${ProgramFiles32}\\Microsoft Office\\root\\Office16\\WINWORD.EXE"
            },
            {
               "type":"processstart",
               "name":"Start Word 2016 ProPlus x64",
               "target":"${ProgramFiles}\\Microsoft Office\\root\\Office16\\WINWORD.EXE"
            },
            {
               "type":"OpenURL",
               "name":"Word Online",
               "target":"https://office.live.com/start/Word.aspx?auth=2"
            }
         ]
      },
      {
         "Name":"Microsoft Excel",
         "Type":"Web",
         "Icon":"Excel.png",
         "Group":"APP Portal Test Users",
         "Actions":[
            {
               "type":"processstart",
               "name":"Start Excel 2016 ProPlus x86",
               "target":"${ProgramFiles32}\\Microsoft Office\\root\\Office16\\EXCEL.EXE"
            },
            {
               "type":"processstart",
               "name":"Start Excel 2016 ProPlus x64",
               "target":"${ProgramFiles}\\Microsoft Office\\root\\Office16\\EXCEL.EXE"
            },
            {
               "type":"OpenURL",
               "name":"Excel Online",
               "target":"https://office.live.com/start/Excel.aspx?auth=2"
            }
         ]
      },
      {
         "Name":"Microsoft PowerPoint",
         "Type":"Web",
         "Icon":"PowerPoint.png",
         "Group":"APP Portal Test Users",
         "Actions":[
            {
               "type":"processstart",
               "name":"Start PowerPoint 2016 ProPlus x86",
               "target":"${ProgramFiles32}\\Microsoft Office\\root\\Office16\\POWERPNT.EXE"
            },
            {
               "type":"processstart",
               "name":"Start PowerPoint 2016 ProPlus x64",
               "target":"${ProgramFiles}\\Microsoft Office\\root\\Office16\\POWERPNT.EXE"
            },
            {
               "type":"OpenURL",
               "name":"PowerPoint Online",
               "target":"https://office.live.com/start/PowerPoint.aspx?auth=2"
            }
         ]
      },
	  {
         "Name":"Microsoft Outlook",
         "Type":"Web",
         "Icon":"Outlook.png",
         "Group":"APP Portal Test Users",
         "Actions":[
            {
               "type":"processstart",
               "name":"Start Outlook 2016 ProPlus x86",
               "target":"${ProgramFiles32}\\Microsoft Office\\root\\Office16\\OUTLOOK.EXE"
            },
            {
               "type":"processstart",
               "name":"Start Outlook 2016 ProPlus x64",
               "target":"${ProgramFiles}\\Microsoft Office\\root\\Office16\\OUTLOOK.EXE"
            },
            {
               "type":"OpenURL",
               "name":"PowerPoint Online",
               "target":"https://office.live.com/start/Outlook.aspx?auth=2"
            }
         ]
      },
	  {
         "Name":"7Zip",
         "Type":"Launch",
         "Icon":"7Zip.png",
         "Group":"APP Portal Test Users",
         "Actions":[
            {
               "type":"processstart",
               "name":"Start 7Zip x64",
               "target":"${ProgramFiles}\\7-Zip\\7zFM.exe"
            },
            {
               "type":"processstart",
               "name":"Start 7Zip x86",
               "target":"${ProgramFiles32}\\7-Zip\\7zFM.exe"
            }
         ]
      },
	  {
         "Name":"Adobe Reader",
         "Type":"Launch",
         "Icon":"Adobe_Reader.png",
         "Group":"APP Portal Test Users",
         "Actions":[
            {
               "type":"processstart",
               "name":"Start Adobe Reader DC x86",
               "target":"${ProgramFiles32}\\Adobe\\Acrobat Reader DC\\Reader\\AcroRd32.exe"
            },
            {
               "type":"processstart",
               "name":"Start Adobe Reader x86",
               "target":"${ProgramFiles32}\\Adobe\\Acrobat Reader\\Reader\\AcroRd32.exe"
            }
         ]
      }
	],
	
   "Security":{
	   "HstsEnabled":true,
	   "HstsMaxAge":365,
	   "HstsPreload":false,
	   "HstsIncludeSubDomains":false,
	   "CspEnforce":true,
	   "CspReporting":false,
	   "CspForceSecure":true,
	   "CspFrameSites":["teams.microsoft.com","api.liquit.com"],
	   "CorsAuthEnabled":true,
	   "CorsAuthSites":["teams.microsoft.com","api.liquit.com"] 
    },
	
   "Credentials":{
	   "Name" : "AzureAD UPN",
	   "Type" : "Template",
	   "Username" : "${Identity.UserName}",
	   "Description" : "Azure AD (UPN)",
	   "Verify" : true
	},
	
   "Settings":[
      {
		"id": "agent.download",
		"value" : 0,
		"force" : false
	  },
	  {
		"id" : "portal.package.publish",
		"value" : "Workspace",
		"force" : false
	  },
	  {
		"id" : "portal.background.image",
		"force" : true
	  },
	  {
		"id" : "portal.background.color",
		"value" : "ffffff",
		"force" : false
	  },
	  {
		"id" : "portal.background.opacity",
		"value" : 40,
		"force" : false
	  },
	  {
		"id" : "portal.text.color",
		"value" : "65707c",
		"force" : false
	  },
	  {
		"id" : "portal.text.shadow",
		"value" : false,
		"force" : false
	  },
	  {
		"id" : "portal.intro",
		"value" : false,
		"force" : false
	  },	  
	  {
		"id" : "portal.style",
		"value" : "default",
		"force" : true
	  },
	  {
		"id" : "portal.intro",
		"value" : false,
		"force" : false
	  },
	  {
		"id" : "login.dock.info.enabled",
		"value" : false,
		"force" : false
	  },
	  {
		"id" : "login.dock.info.message",
		"value" : "",
		"force" : false
	  },
	  {
		"id" : "login.dock.reset.enabled",
		"value" : false,
		"force" : false
	  },
	  {
		"id" : "login.dock.support.enabled",
		"value" : false,
		"force" : false
	  },
	  {
		"id" : "login.dock.website.enabled",
		"value" : false,
		"force" : false
	  }
	],
	
   "Roles":[
     {
	   "name" : "Reader",
	   "privileges" : ["authenticator.view",
                  "catalog.media.view",
                  "catalog.question.view",
                  "catalog.review.view",
                  "catalog.view",
                  "certificate.view",
                  "connector.view",
                  "contact.view",
                  "context.view",
                  "credential.view",
                  "deployment.view",
                  "device.view",
                  "devicecollection.view",
                  "event.view",
                  "group.view",
                  "identityprovider.view",
                  "identitysource.view",
                  "license.view",
                  "mailserver.view",
                  "mailtemplate.view",
                  "package.view",
                  "permission.view",
                  "policy.view",
                  "report.view",
                  "resource.view",
                  "scheduledtask.view",
                  "server.view",
                  "systemupdate.view",
                  "tag.view",
                  "task.view",
                  "team.view",
                  "user.view",
                  "variable.view",
                  "view.view",
                  "workspace.approval.view",
                  "workspace.changepassword",
                  "workspace.credential.view",
                  "workspace.item.view",
                  "workspace.tag.view",
                  "workspace.team.view",
                  "zone.access.api",
                  "zone.access.web",
                  "zone.view"]
     },
	 {
		 "name" : "Level 1",
		 "privileges" : ["catalog.cancel",
                  "catalog.media.view",
                  "catalog.question.view",
                  "catalog.request",
                  "catalog.review.add",
                  "catalog.review.view",
                  "catalog.view",
                  "contact.view",
                  "content.adduser",
                  "context.view",
                  "credential.view",
                  "device.register",
                  "device.view",
                  "devicecollection.view",
                  "event.view",
                  "group.view",
                  "package.view",
                  "user.view",
                  "workspace.approval.accept",
                  "workspace.approval.reject",
                  "workspace.approval.remove",
                  "workspace.approval.view",
                  "workspace.changepassword",
                  "workspace.credential.modify",
                  "workspace.credential.remove",
                  "workspace.credential.view",
                  "workspace.item.autolaunch",
                  "workspace.item.favorite",
                  "workspace.item.remove",
                  "workspace.item.rename",
                  "workspace.item.view",
                  "workspace.personal.add",
                  "workspace.personal.modify",
                  "workspace.personal.remove",
                  "workspace.reset",
                  "workspace.tag.view",
                  "workspace.team.add",
                  "workspace.team.modify",
                  "workspace.team.remove",
                  "workspace.team.view",
                  "zone.access.web"]
	 },
	 {
		 "name" : "Level 2-3",
		 "privileges" : ["authenticator.view",
                    "catalog.cancel",
                    "catalog.view",
                    "catalog.question.view",
                    "catalog.media.view",
                    "catalog.request",
                    "catalog.review.add",
                    "catalog.review.view",
                    "connector.view",
                    "contact.view",
                    "content.add",
                    "context.view",
                    "credential.view",
                    "deployment.add",
                    "deployment.view",
                    "deployment.modify",
                    "deployment.remove",
                    "device.register",
                    "device.view",
                    "device.modify",
                    "device.remove",
                    "device.wake",
                    "device.remotecontrol",
                    "devicecollection.add",
                    "devicecollection.view",
                    "devicecollection.modify",
                    "devicecollection.remove",
                    "devicecollection.wake",
                    "event.view",
                    "event.remove",
                    "group.view",
                    "identitysource.view",
                    "certificate.view",
                    "license.view",
                    "mailserver.view",
                    "package.add",
                    "package.view",
                    "package.modify",
                    "package.remove",
                    "permission.view",
                    "policy.view",
                    "resource.view",
                    "scheduledtask.view",
                    "task.view",
                    "tag.add",
                    "tag.view",
                    "tag.modify",
                    "tag.remove",
                    "team.add",
                    "team.view",
                    "team.modify",
                    "team.remove",
                    "user.view",
                    "user.remotecontrol",
                    "user.resetworkspace",
                    "view.view",
                    "workspace.reset",
                    "workspace.changepassword",
                    "workspace.item.view",
                    "workspace.item.autolaunch",
                    "workspace.item.favorite",
                    "workspace.item.rename",
                    "workspace.item.remove",
                    "workspace.personal.add",
                    "workspace.personal.modify",
                    "workspace.personal.remove",
                    "workspace.team.add",
                    "workspace.team.view",
                    "workspace.team.modify",
                    "workspace.team.remove",
                    "workspace.credential.view",
                    "workspace.credential.modify",
                    "workspace.credential.remove",
                    "workspace.approval.view",
                    "workspace.approval.reject",
                    "workspace.approval.accept",
                    "workspace.approval.remove",
                    "workspace.tag.view",
                    "zone.view",
                    "variable.view",
                    "report.view",
                    "report.modify",
                    "variable.modify",
                    "variable.add",
                    "variable.remove",
                    "zone.access.web",
                    "zone.access.api",
                    "identityprovider.view",
                    "systemupdate.view",
                    "mailtemplate.view"]
	 }
	]
}